Designator,Footprint,Quantity,Value,LCSC Part #
SW2,SW_SPST_PTS645,1,BIOS,
D6,LED_0603_1608Metric,1,CPLD,
SW1,SW_SPST_PTS645,1,CPLD,
D7,LED_0603_1608Metric,1,BIOS,
C5,C_0603_1608Metric,1,100nF,
D1,LED_0603_1608Metric,1,OK,
RPI_ZERO1,RaspberryPI_Zero,1,RaspberryPI_Zero_Header,
R2,R_0603_1608Metric,1,200,
D3,LED_0603_1608Metric,1,ERR,
C2,CP_EIA-3216-18_Kemet-A,1,100uF,
R11,R_0603_1608Metric,1,200,
C4,C_0603_1608Metric,1,100nF,
C3,CP_EIA-3216-18_Kemet-A,1,100uF,
R5,R_0603_1608Metric,1,200,
D5,LED_0603_1608Metric,1,DET,
R4,R_0603_1608Metric,1,200,
R6,R_0603_1608Metric,1,10k,
R7,R_0603_1608Metric,1,10k,
J3,PinHeader_2x07_P2.54mm_Vertical,1,LPC,
J1,PinHeader_1x02_P2.54mm_Vertical,1,RCVRY,
R3,R_0603_1608Metric,1,200,
R10,R_0603_1608Metric,1,200,
D2,LED_0603_1608Metric,1,BUSY,
R8,R_0603_1608Metric,1,10k,
R9,R_0603_1608Metric,1,10k,
C1,CP_EIA-3216-18_Kemet-A,1,100uF,
J2,PinHeader_1x06_P2.54mm_Vertical,1,JTAG,
R1,R_0603_1608Metric,1,200,
D4,LED_0603_1608Metric,1,PWR,
